{
  "config": {
    "geometry": "euclidean",
    "supervision": "flat",
    "loss": "infonce",
    "soft_alpha": 0.5,
    "dim": 64,
    "encoder": "bert-base-uncased",
    "taxonomy": "results/taxonomy/wordnet_parent.json",
    "epochs": 25,
    "batch_size": 64,
    "lr_encoder": 2e-05,
    "lr_head": 0.001,
    "pos_weight": 10.0,
    "seed": 1,
    "noise_rate": 0.0,
    "noise_mode": "sibling",
    "train_file": "/vol/tmp/goldejon/sparse_ner/data/finerweb_eng_suptrain.jsonl",
    "dev_file": "/vol/tmp/goldejon/sparse_ner/data/finerweb_eng_val.jsonl",
    "test_file": "/vol/tmp/goldejon/sparse_ner/data/finerweb_eng_test.jsonl",
    "max_len": 256,
    "train_max_records": 300,
    "out": "results/c3b/euc-n300-s1.json"
  },
  "noise_stats": {
    "corrupted": 0,
    "total_pos": 0
  },
  "selection": {
    "epoch": 11,
    "dev_macro_f1": 0.5376778841018677,
    "dev_map": 0.6235739998914631,
    "threshold": 2.4526567459106445
  },
  "test": {
    "strict": 0.5213832039520113,
    "macro_p": 0.5560961961746216,
    "macro_r": 0.6207480430603027,
    "macro_f1": 0.5708390474319458,
    "micro_p": 0.3392471373081207,
    "micro_r": 0.6207480430603027,
    "micro_f1": 0.4387251138687134
  },
  "test_map": 0.6524041268583695,
  "test_tail": {
    "head_f1": 0.707425057888031,
    "head_support": 5333,
    "mid_f1": 0.12946058809757233,
    "mid_support": 1069,
    "tail_f1": 0.007000538520514965,
    "tail_support": 683
  },
  "test_hier": {
    "h_precision": 0.34798485040664673,
    "h_recall": 0.6258983612060547,
    "h_f1": 0.44728803634643555
  },
  "runtime_s": 1333
}