{
  "config": {
    "geometry": "euclidean",
    "supervision": "flat",
    "loss": "infonce",
    "soft_alpha": 0.5,
    "dim": 64,
    "encoder": "bert-base-uncased",
    "taxonomy": "results/taxonomy/wordnet_parent.json",
    "epochs": 25,
    "batch_size": 64,
    "lr_encoder": 2e-05,
    "lr_head": 0.001,
    "pos_weight": 10.0,
    "seed": 3,
    "noise_rate": 0.0,
    "noise_mode": "sibling",
    "train_file": "/vol/tmp/goldejon/sparse_ner/data/finerweb_eng_suptrain.jsonl",
    "dev_file": "/vol/tmp/goldejon/sparse_ner/data/finerweb_eng_val.jsonl",
    "test_file": "/vol/tmp/goldejon/sparse_ner/data/finerweb_eng_test.jsonl",
    "max_len": 256,
    "train_max_records": 300,
    "out": "results/c3b/euc-n300-s3.json"
  },
  "noise_stats": {
    "corrupted": 0,
    "total_pos": 0
  },
  "selection": {
    "epoch": 23,
    "dev_macro_f1": 0.5408819317817688,
    "dev_map": 0.6075475574020809,
    "threshold": 4.355154991149902
  },
  "test": {
    "strict": 0.5089625970359916,
    "macro_p": 0.5466799139976501,
    "macro_r": 0.6190543174743652,
    "macro_f1": 0.5629011988639832,
    "micro_p": 0.31079933047294617,
    "micro_r": 0.6190543174743652,
    "micro_f1": 0.4138321280479431
  },
  "test_map": 0.6335877137396938,
  "test_tail": {
    "head_f1": 0.7185138463973999,
    "head_support": 5333,
    "mid_f1": 0.15806637704372406,
    "mid_support": 1069,
    "tail_f1": 0.011593043804168701,
    "tail_support": 683
  },
  "test_hier": {
    "h_precision": 0.32733720541000366,
    "h_recall": 0.6291201710700989,
    "h_f1": 0.43061915040016174
  },
  "runtime_s": 1325
}