{
  "config": {
    "geometry": "euclidean",
    "supervision": "flat",
    "loss": "infonce",
    "soft_alpha": 0.5,
    "dim": 64,
    "encoder": "bert-base-uncased",
    "taxonomy": "results/taxonomy/wordnet_parent.json",
    "epochs": 25,
    "batch_size": 64,
    "lr_encoder": 2e-05,
    "lr_head": 0.001,
    "pos_weight": 10.0,
    "seed": 1,
    "noise_rate": 0.0,
    "noise_mode": "sibling",
    "train_file": "/vol/tmp/goldejon/sparse_ner/data/finerweb_eng_suptrain.jsonl",
    "dev_file": "/vol/tmp/goldejon/sparse_ner/data/finerweb_eng_val.jsonl",
    "test_file": "/vol/tmp/goldejon/sparse_ner/data/finerweb_eng_test.jsonl",
    "max_len": 256,
    "train_max_records": 100,
    "out": "results/c3b/euc-n100-s1.json"
  },
  "noise_stats": {
    "corrupted": 0,
    "total_pos": 0
  },
  "selection": {
    "epoch": 20,
    "dev_macro_f1": 0.5242853164672852,
    "dev_map": 0.60152107640849,
    "threshold": 1.4232770204544067
  },
  "test": {
    "strict": 0.5199717713479182,
    "macro_p": 0.5529521703720093,
    "macro_r": 0.6080451607704163,
    "macro_f1": 0.5661067962646484,
    "micro_p": 0.2572093904018402,
    "micro_r": 0.6080451607704163,
    "micro_f1": 0.36150041222572327
  },
  "test_map": 0.6403000991766098,
  "test_tail": {
    "head_f1": 0.6961561441421509,
    "head_support": 5333,
    "mid_f1": 0.0881209522485733,
    "mid_support": 1069,
    "tail_f1": 0.005354035180062056,
    "tail_support": 683
  },
  "test_hier": {
    "h_precision": 0.2721981108188629,
    "h_recall": 0.6142503023147583,
    "h_f1": 0.377230703830719
  },
  "runtime_s": 663
}