{
  "config": {
    "geometry": "euclidean",
    "supervision": "flat",
    "loss": "infonce",
    "soft_alpha": 0.5,
    "dim": 64,
    "encoder": "bert-base-uncased",
    "taxonomy": "results/taxonomy/wordnet_parent.json",
    "epochs": 25,
    "batch_size": 64,
    "lr_encoder": 2e-05,
    "lr_head": 0.001,
    "pos_weight": 10.0,
    "seed": 2,
    "noise_rate": 0.0,
    "noise_mode": "sibling",
    "train_file": "/vol/tmp/goldejon/sparse_ner/data/finerweb_eng_suptrain.jsonl",
    "dev_file": "/vol/tmp/goldejon/sparse_ner/data/finerweb_eng_val.jsonl",
    "test_file": "/vol/tmp/goldejon/sparse_ner/data/finerweb_eng_test.jsonl",
    "max_len": 256,
    "train_max_records": 100,
    "out": "results/c3b/euc-n100-s2.json"
  },
  "noise_stats": {
    "corrupted": 0,
    "total_pos": 0
  },
  "selection": {
    "epoch": 19,
    "dev_macro_f1": 0.528685450553894,
    "dev_map": 0.6106119216919151,
    "threshold": 1.2238044738769531
  },
  "test": {
    "strict": 0.4875088214537756,
    "macro_p": 0.5324904918670654,
    "macro_r": 0.6228652000427246,
    "macro_f1": 0.550890326499939,
    "micro_p": 0.07726652175188065,
    "micro_r": 0.6228652000427246,
    "micro_f1": 0.1374787837266922
  },
  "test_map": 0.6285636047562674,
  "test_tail": {
    "head_f1": 0.6551099419593811,
    "head_support": 5333,
    "mid_f1": 0.030835118144750595,
    "mid_support": 1069,
    "tail_f1": 0.002133446978405118,
    "tail_support": 683
  },
  "test_hier": {
    "h_precision": 0.08561244606971741,
    "h_recall": 0.6369268894195557,
    "h_f1": 0.15093675255775452
  },
  "runtime_s": 640
}