{
  "config": {
    "geometry": "euclidean",
    "supervision": "flat",
    "loss": "infonce",
    "soft_alpha": 0.5,
    "dim": 64,
    "encoder": "bert-base-uncased",
    "taxonomy": "results/taxonomy/wordnet_parent.json",
    "epochs": 25,
    "batch_size": 64,
    "lr_encoder": 2e-05,
    "lr_head": 0.001,
    "pos_weight": 10.0,
    "seed": 1,
    "noise_rate": 0.0,
    "noise_mode": "sibling",
    "train_file": "/vol/tmp/goldejon/sparse_ner/data/finerweb_eng_suptrain.jsonl",
    "dev_file": "/vol/tmp/goldejon/sparse_ner/data/finerweb_eng_val.jsonl",
    "test_file": "/vol/tmp/goldejon/sparse_ner/data/finerweb_eng_test.jsonl",
    "max_len": 256,
    "train_max_records": 1000,
    "out": "results/c3b/euc-n1000-s1.json"
  },
  "noise_stats": {
    "corrupted": 0,
    "total_pos": 0
  },
  "selection": {
    "epoch": 1,
    "dev_macro_f1": 0.5562649369239807,
    "dev_map": 0.6613219284602051,
    "threshold": 1.4627019166946411
  },
  "test": {
    "strict": 0.5376146788990825,
    "macro_p": 0.578842043876648,
    "macro_r": 0.6581510305404663,
    "macro_f1": 0.5964071750640869,
    "micro_p": 0.3607736825942993,
    "micro_r": 0.6581510305404663,
    "micro_f1": 0.46606695652008057
  },
  "test_map": 0.6934229207005522,
  "test_tail": {
    "head_f1": 0.6935833096504211,
    "head_support": 5333,
    "mid_f1": 0.13866667449474335,
    "mid_support": 1069,
    "tail_f1": 0.014535844326019287,
    "tail_support": 683
  },
  "test_hier": {
    "h_precision": 0.37658926844596863,
    "h_recall": 0.6753407716751099,
    "h_f1": 0.4835417866706848
  },
  "runtime_s": 3642
}