{
  "config": {
    "geometry": "hyperbolic",
    "supervision": "flat",
    "loss": "infonce",
    "soft_alpha": 0.5,
    "dim": 64,
    "encoder": "bert-base-uncased",
    "taxonomy": "results/taxonomy/wordnet_parent.json",
    "epochs": 25,
    "batch_size": 64,
    "lr_encoder": 2e-05,
    "lr_head": 0.001,
    "pos_weight": 10.0,
    "seed": 2,
    "noise_rate": 0.0,
    "noise_mode": "sibling",
    "train_file": "/vol/tmp/goldejon/sparse_ner/data/finerweb_eng_suptrain.jsonl",
    "dev_file": "/vol/tmp/goldejon/sparse_ner/data/finerweb_eng_val.jsonl",
    "test_file": "/vol/tmp/goldejon/sparse_ner/data/finerweb_eng_test.jsonl",
    "max_len": 256,
    "train_max_records": 100,
    "out": "results/c3b/hyp-n100-s2.json"
  },
  "noise_stats": {
    "corrupted": 0,
    "total_pos": 0
  },
  "selection": {
    "epoch": 6,
    "dev_macro_f1": 0.330435574054718,
    "dev_map": 0.5297751135144576,
    "threshold": -9.09604549407959
  },
  "test": {
    "strict": 0.3424135497529993,
    "macro_p": 0.34662386775016785,
    "macro_r": 0.3961891233921051,
    "macro_f1": 0.3488171696662903,
    "micro_p": 0.014430392533540726,
    "micro_r": 0.3961891233921051,
    "micro_f1": 0.027846530079841614
  },
  "test_map": 0.5492037582289071,
  "test_tail": {
    "head_f1": 0.5183468461036682,
    "head_support": 5333,
    "mid_f1": 0.004194088280200958,
    "mid_support": 1069,
    "tail_f1": 0.0003961099137086421,
    "tail_support": 683
  },
  "test_hier": {
    "h_precision": 0.01562732458114624,
    "h_recall": 0.39045849442481995,
    "h_f1": 0.030051881447434425
  },
  "runtime_s": 650
}