{
  "config": {
    "geometry": "hyperbolic",
    "supervision": "flat",
    "loss": "infonce",
    "soft_alpha": 0.5,
    "dim": 64,
    "encoder": "bert-base-uncased",
    "taxonomy": "results/taxonomy/wordnet_parent.json",
    "epochs": 25,
    "batch_size": 64,
    "lr_encoder": 2e-05,
    "lr_head": 0.001,
    "pos_weight": 10.0,
    "seed": 3,
    "noise_rate": 0.0,
    "noise_mode": "sibling",
    "train_file": "/vol/tmp/goldejon/sparse_ner/data/finerweb_eng_suptrain.jsonl",
    "dev_file": "/vol/tmp/goldejon/sparse_ner/data/finerweb_eng_val.jsonl",
    "test_file": "/vol/tmp/goldejon/sparse_ner/data/finerweb_eng_test.jsonl",
    "max_len": 256,
    "train_max_records": 100,
    "out": "results/c3b/hyp-n100-s3.json"
  },
  "noise_stats": {
    "corrupted": 0,
    "total_pos": 0
  },
  "selection": {
    "epoch": 24,
    "dev_macro_f1": 0.24516037106513977,
    "dev_map": 0.4751680087091398,
    "threshold": -11.989559173583984
  },
  "test": {
    "strict": 0.2836979534227241,
    "macro_p": 0.2854980528354645,
    "macro_r": 0.30966830253601074,
    "macro_f1": 0.2864976227283478,
    "micro_p": 0.012885719537734985,
    "micro_r": 0.30966830253601074,
    "micro_f1": 0.024741895496845245
  },
  "test_map": 0.5087929031443231,
  "test_tail": {
    "head_f1": 0.485004723072052,
    "head_support": 5333,
    "mid_f1": 0.0044204192236065865,
    "mid_support": 1069,
    "tail_f1": 0.0006247048149816692,
    "tail_support": 683
  },
  "test_hier": {
    "h_precision": 0.014340057969093323,
    "h_recall": 0.31437423825263977,
    "h_f1": 0.02742895297706127
  },
  "runtime_s": 641
}