{
  "config": {
    "geometry": "hyperbolic",
    "supervision": "flat",
    "loss": "infonce",
    "soft_alpha": 0.5,
    "dim": 64,
    "encoder": "bert-base-uncased",
    "taxonomy": "results/taxonomy/wordnet_parent.json",
    "epochs": 25,
    "batch_size": 64,
    "lr_encoder": 2e-05,
    "lr_head": 0.001,
    "pos_weight": 10.0,
    "seed": 2,
    "noise_rate": 0.0,
    "noise_mode": "sibling",
    "train_file": "/vol/tmp/goldejon/sparse_ner/data/finerweb_eng_suptrain.jsonl",
    "dev_file": "/vol/tmp/goldejon/sparse_ner/data/finerweb_eng_val.jsonl",
    "test_file": "/vol/tmp/goldejon/sparse_ner/data/finerweb_eng_test.jsonl",
    "max_len": 256,
    "train_max_records": 300,
    "out": "results/c3b/hyp-n300-s2.json"
  },
  "noise_stats": {
    "corrupted": 0,
    "total_pos": 0
  },
  "selection": {
    "epoch": 4,
    "dev_macro_f1": 0.37547779083251953,
    "dev_map": 0.5720457721071439,
    "threshold": -11.360649108886719
  },
  "test": {
    "strict": 0.39943542695836276,
    "macro_p": 0.40907022356987,
    "macro_r": 0.4678899049758911,
    "macro_f1": 0.4135763943195343,
    "micro_p": 0.016373684629797935,
    "micro_r": 0.4678899049758911,
    "micro_f1": 0.031640131026506424
  },
  "test_map": 0.6060821289109211,
  "test_tail": {
    "head_f1": 0.5854027271270752,
    "head_support": 5333,
    "mid_f1": 0.007995212450623512,
    "mid_support": 1069,
    "tail_f1": 0.0006107725203037262,
    "tail_support": 683
  },
  "test_hier": {
    "h_precision": 0.017841873690485954,
    "h_recall": 0.4602230489253998,
    "h_f1": 0.03435198962688446
  },
  "runtime_s": 1333
}