{
  "config": {
    "geometry": "hyperbolic",
    "supervision": "flat",
    "loss": "infonce",
    "soft_alpha": 0.5,
    "dim": 64,
    "encoder": "bert-base-uncased",
    "taxonomy": "results/taxonomy/wordnet_parent.json",
    "epochs": 25,
    "batch_size": 64,
    "lr_encoder": 2e-05,
    "lr_head": 0.001,
    "pos_weight": 10.0,
    "seed": 1,
    "noise_rate": 0.0,
    "noise_mode": "sibling",
    "train_file": "/vol/tmp/goldejon/sparse_ner/data/finerweb_eng_suptrain.jsonl",
    "dev_file": "/vol/tmp/goldejon/sparse_ner/data/finerweb_eng_val.jsonl",
    "test_file": "/vol/tmp/goldejon/sparse_ner/data/finerweb_eng_test.jsonl",
    "max_len": 256,
    "train_max_records": 1000,
    "out": "results/c3b/hyp-n1000-s1.json"
  },
  "noise_stats": {
    "corrupted": 0,
    "total_pos": 0
  },
  "selection": {
    "epoch": 1,
    "dev_macro_f1": 0.3164318799972534,
    "dev_map": 0.6170612501223522,
    "threshold": -11.771994590759277
  },
  "test": {
    "strict": 0.3195483415666902,
    "macro_p": 0.335035502910614,
    "macro_r": 0.4128440320491791,
    "macro_f1": 0.34236064553260803,
    "micro_p": 0.01686491258442402,
    "micro_r": 0.4128440320491791,
    "micro_f1": 0.032406020909547806
  },
  "test_map": 0.6501401389889955,
  "test_tail": {
    "head_f1": 0.5193744897842407,
    "head_support": 5333,
    "mid_f1": 0.01235018577426672,
    "mid_support": 1069,
    "tail_f1": 0.0006989392568357289,
    "tail_support": 683
  },
  "test_hier": {
    "h_precision": 0.01889021322131157,
    "h_recall": 0.41809168457984924,
    "h_f1": 0.03614722192287445
  },
  "runtime_s": 3616
}