{
  "config": {
    "geometry": "euclidean",
    "supervision": "flat",
    "dim": 64,
    "encoder": "bert-base-uncased",
    "taxonomy": "results/taxonomy/wordnet_parent.json",
    "epochs": 25,
    "batch_size": 32,
    "lr_encoder": 2e-05,
    "lr_head": 0.001,
    "pos_weight": 10.0,
    "seed": 2,
    "noise_rate": 0.5,
    "noise_mode": "uniform",
    "out": "results/p2/euc-uni-r50-s2.json"
  },
  "noise_stats": {
    "corrupted": 5353,
    "total_pos": 10778,
    "effective_rate": 0.49665986268324364
  },
  "selection": {
    "epoch": 24,
    "dev_macro_f1": 0.2190537452697754,
    "dev_map": 0.23859027551244394,
    "threshold": -0.7313414812088013
  },
  "test": {
    "strict": 0.0,
    "macro_p": 0.22924889624118805,
    "macro_r": 0.25413504242897034,
    "macro_f1": 0.21879099309444427,
    "micro_p": 0.23772042989730835,
    "micro_r": 0.2223050445318222,
    "micro_f1": 0.22975444793701172
  },
  "test_map": 0.24020620625561645,
  "test_tail": {
    "head_f1": 0.36000630259513855,
    "head_support": 2812,
    "mid_f1": 0.03990119695663452,
    "mid_support": 5086,
    "tail_f1": 0.0,
    "tail_support": 2835
  },
  "test_hier": {
    "h_precision": 0.3660217225551605,
    "h_recall": 0.2314809262752533,
    "h_f1": 0.2836039364337921
  },
  "runtime_s": 608
}