{
  "config": {
    "geometry": "euclidean",
    "supervision": "flat",
    "dim": 64,
    "encoder": "bert-base-uncased",
    "taxonomy": "results/taxonomy/wordnet_parent.json",
    "epochs": 25,
    "batch_size": 32,
    "lr_encoder": 2e-05,
    "lr_head": 0.001,
    "pos_weight": 10.0,
    "seed": 2,
    "noise_rate": 0.3,
    "noise_mode": "sibling",
    "out": "results/p2/euc-sib-r30-s2.json"
  },
  "noise_stats": {
    "corrupted": 3198,
    "total_pos": 10778,
    "effective_rate": 0.29671553163852293
  },
  "selection": {
    "epoch": 24,
    "dev_macro_f1": 0.2429143488407135,
    "dev_map": 0.2688508124928351,
    "threshold": -0.45556333661079407
  },
  "test": {
    "strict": 0.0005005005005005005,
    "macro_p": 0.26739391684532166,
    "macro_r": 0.28227123618125916,
    "macro_f1": 0.24586255848407745,
    "micro_p": 0.2745762765407562,
    "micro_r": 0.2565918266773224,
    "micro_f1": 0.2652795910835266
  },
  "test_map": 0.27097523281328517,
  "test_tail": {
    "head_f1": 0.40414243936538696,
    "head_support": 2812,
    "mid_f1": 0.11700545996427536,
    "mid_support": 5086,
    "tail_f1": 0.0,
    "tail_support": 2835
  },
  "test_hier": {
    "h_precision": 0.3938305675983429,
    "h_recall": 0.25529757142066956,
    "h_f1": 0.30978164076805115
  },
  "runtime_s": 350
}