{
  "config": {
    "geometry": "euclidean",
    "supervision": "flat",
    "dim": 64,
    "encoder": "bert-base-uncased",
    "taxonomy": "results/taxonomy/wordnet_parent.json",
    "epochs": 25,
    "batch_size": 32,
    "lr_encoder": 2e-05,
    "lr_head": 0.001,
    "pos_weight": 10.0,
    "seed": 3,
    "noise_rate": 0.3,
    "noise_mode": "uniform",
    "out": "results/p2/euc-uni-r30-s3.json"
  },
  "noise_stats": {
    "corrupted": 3209,
    "total_pos": 10778,
    "effective_rate": 0.2977361291519762
  },
  "selection": {
    "epoch": 23,
    "dev_macro_f1": 0.23612011969089508,
    "dev_map": 0.2586459163707965,
    "threshold": -0.46217411756515503
  },
  "test": {
    "strict": 0.003003003003003003,
    "macro_p": 0.2720811069011688,
    "macro_r": 0.25918662548065186,
    "macro_f1": 0.2347879260778427,
    "micro_p": 0.28426799178123474,
    "micro_r": 0.23283331096172333,
    "micro_f1": 0.2559926509857178
  },
  "test_map": 0.2606641560943691,
  "test_tail": {
    "head_f1": 0.4138302505016327,
    "head_support": 2812,
    "mid_f1": 0.07021965831518173,
    "mid_support": 5086,
    "tail_f1": 0.0,
    "tail_support": 2835
  },
  "test_hier": {
    "h_precision": 0.39565855264663696,
    "h_recall": 0.22521339356899261,
    "h_f1": 0.28704020380973816
  },
  "runtime_s": 364
}