{
  "config": {
    "geometry": "hyperbolic",
    "supervision": "flat",
    "dim": 64,
    "encoder": "bert-base-uncased",
    "taxonomy": "results/taxonomy/wordnet_parent.json",
    "epochs": 25,
    "batch_size": 32,
    "lr_encoder": 2e-05,
    "lr_head": 0.001,
    "pos_weight": 10.0,
    "seed": 2,
    "noise_rate": 0.1,
    "noise_mode": "sibling",
    "out": "results/p2/hyp-sib-r10-s2.json"
  },
  "noise_stats": {
    "corrupted": 1050,
    "total_pos": 10778,
    "effective_rate": 0.09742067173872704
  },
  "selection": {
    "epoch": 24,
    "dev_macro_f1": 0.27021172642707825,
    "dev_map": 0.34657651247557036,
    "threshold": -0.9114804267883301
  },
  "test": {
    "strict": 0.0005005005005005005,
    "macro_p": 0.2529113292694092,
    "macro_r": 0.44162672758102417,
    "macro_f1": 0.26965123414993286,
    "micro_p": 0.2446487843990326,
    "micro_r": 0.44619399309158325,
    "micro_f1": 0.31602218747138977
  },
  "test_map": 0.35082399377510504,
  "test_tail": {
    "head_f1": 0.5440812110900879,
    "head_support": 2812,
    "mid_f1": 0.2666597366333008,
    "mid_support": 5086,
    "tail_f1": 0.018036073073744774,
    "tail_support": 2835
  },
  "test_hier": {
    "h_precision": 0.30645230412483215,
    "h_recall": 0.4209992289543152,
    "h_f1": 0.3547073006629944
  },
  "runtime_s": 343
}