{
  "config": {
    "geometry": "hyperbolic",
    "supervision": "flat",
    "dim": 64,
    "encoder": "bert-base-uncased",
    "taxonomy": "results/taxonomy/wordnet_parent.json",
    "epochs": 25,
    "batch_size": 32,
    "lr_encoder": 2e-05,
    "lr_head": 0.001,
    "pos_weight": 10.0,
    "seed": 3,
    "noise_rate": 0.1,
    "noise_mode": "sibling",
    "out": "results/p2/hyp-sib-r10-s3.json"
  },
  "noise_stats": {
    "corrupted": 1082,
    "total_pos": 10778,
    "effective_rate": 0.1003896826869549
  },
  "selection": {
    "epoch": 24,
    "dev_macro_f1": 0.2624892592430115,
    "dev_map": 0.3404640774045045,
    "threshold": -0.8018393516540527
  },
  "test": {
    "strict": 0.0005005005005005005,
    "macro_p": 0.24821214377880096,
    "macro_r": 0.4166068434715271,
    "macro_f1": 0.2614213228225708,
    "micro_p": 0.2635209560394287,
    "micro_r": 0.4235535264015198,
    "micro_f1": 0.32489994168281555
  },
  "test_map": 0.34134274598233705,
  "test_tail": {
    "head_f1": 0.5530112385749817,
    "head_support": 2812,
    "mid_f1": 0.2782788574695587,
    "mid_support": 5086,
    "tail_f1": 0.023163465782999992,
    "tail_support": 2835
  },
  "test_hier": {
    "h_precision": 0.3236783742904663,
    "h_recall": 0.39288485050201416,
    "h_f1": 0.3549395799636841
  },
  "runtime_s": 308
}