{
  "config": {
    "geometry": "hyperbolic",
    "dim": 16,
    "encoder": "bert-base-uncased",
    "epochs": 25,
    "batch_size": 32,
    "lr_encoder": 2e-05,
    "lr_head": 0.001,
    "pos_weight": 10.0,
    "seed": 3,
    "split_seed": 7,
    "held_lo": 1,
    "held_hi": 50,
    "min_test": 2,
    "print_split": false,
    "out": "results/p3/hyp-d16-s3.json"
  },
  "split": {
    "n_seen": 2133,
    "n_held": 386,
    "held_train_mentions_removed": 2698
  },
  "zeroshot_heldout": {
    "map": 0.13414041399751384,
    "p_at_1": 0.09188801148600144,
    "r_at_5": 0.16022972081174802,
    "n_eval": 1393
  },
  "generalized_heldout": {
    "map": 0.06577911107815754,
    "p_at_1": 0.021536252692031587,
    "r_at_5": 0.04828906470036558,
    "n_eval": 1393
  },
  "runtime_s": 222
}