{
  "config": {
    "geometry": "hyperbolic",
    "dim": 64,
    "encoder": "bert-base-uncased",
    "epochs": 25,
    "batch_size": 32,
    "lr_encoder": 2e-05,
    "lr_head": 0.001,
    "pos_weight": 10.0,
    "seed": 3,
    "split_seed": 7,
    "held_lo": 1,
    "held_hi": 50,
    "min_test": 2,
    "print_split": false,
    "out": "results/p3/hyp-d64-s3.json"
  },
  "split": {
    "n_seen": 2133,
    "n_held": 386,
    "held_train_mentions_removed": 2698
  },
  "zeroshot_heldout": {
    "map": 0.09711872931057002,
    "p_at_1": 0.05527638190954774,
    "r_at_5": 0.10308686342713479,
    "n_eval": 1393
  },
  "generalized_heldout": {
    "map": 0.03753949297455784,
    "p_at_1": 0.004307250538406317,
    "r_at_5": 0.01907154834279035,
    "n_eval": 1393
  },
  "runtime_s": 227
}