{
  "config": {
    "geometry": "euclidean",
    "supervision": "flat",
    "dim": 64,
    "encoder": "bert-base-uncased",
    "taxonomy": "results/taxonomy/wordnet_parent.json",
    "epochs": 25,
    "batch_size": 64,
    "lr_encoder": 2e-05,
    "lr_head": 0.001,
    "pos_weight": 10.0,
    "seed": 3,
    "noise_rate": 0.0,
    "noise_mode": "sibling",
    "train_file": "/vol/tmp/goldejon/sparse_ner/data/finerweb_eng_suptrain.jsonl",
    "dev_file": "/vol/tmp/goldejon/sparse_ner/data/finerweb_eng_val.jsonl",
    "test_file": "/vol/tmp/goldejon/sparse_ner/data/finerweb_eng_test.jsonl",
    "max_len": 256,
    "train_max_records": 100,
    "out": "results/p3d/euc-n100-s3.json"
  },
  "noise_stats": {
    "corrupted": 0,
    "total_pos": 0
  },
  "selection": {
    "epoch": 23,
    "dev_macro_f1": 0.1986694484949112,
    "dev_map": 0.2928980397630083,
    "threshold": 0.17200440168380737
  },
  "test": {
    "strict": 0.0,
    "macro_p": 0.14565984904766083,
    "macro_r": 0.35737472772598267,
    "macro_f1": 0.20522229373455048,
    "micro_p": 0.15374340116977692,
    "micro_r": 0.35737472772598267,
    "micro_f1": 0.214995339512825
  },
  "test_map": 0.30449359953248745,
  "test_tail": {
    "head_f1": 0.23227228224277496,
    "head_support": 5333,
    "mid_f1": 0.0,
    "mid_support": 1069,
    "tail_f1": 0.0,
    "tail_support": 683
  },
  "test_hier": {
    "h_precision": 0.16553451120853424,
    "h_recall": 0.38630732893943787,
    "h_f1": 0.23175913095474243
  },
  "runtime_s": 632
}