{
  "config": {
    "geometry": "euclidean",
    "supervision": "flat",
    "dim": 64,
    "encoder": "bert-base-uncased",
    "taxonomy": "results/taxonomy/wordnet_parent.json",
    "epochs": 25,
    "batch_size": 64,
    "lr_encoder": 2e-05,
    "lr_head": 0.001,
    "pos_weight": 10.0,
    "seed": 1,
    "noise_rate": 0.0,
    "noise_mode": "sibling",
    "train_file": "/vol/tmp/goldejon/sparse_ner/data/finerweb_eng_suptrain.jsonl",
    "dev_file": "/vol/tmp/goldejon/sparse_ner/data/finerweb_eng_val.jsonl",
    "test_file": "/vol/tmp/goldejon/sparse_ner/data/finerweb_eng_test.jsonl",
    "max_len": 256,
    "train_max_records": 300,
    "out": "results/p3d/euc-n300-s1.json"
  },
  "noise_stats": {
    "corrupted": 0,
    "total_pos": 0
  },
  "selection": {
    "epoch": 24,
    "dev_macro_f1": 0.3079398274421692,
    "dev_map": 0.4589430725446635,
    "threshold": -0.05282247066497803
  },
  "test": {
    "strict": 0.17925194071983064,
    "macro_p": 0.28677958250045776,
    "macro_r": 0.43062809109687805,
    "macro_f1": 0.3286755681037903,
    "micro_p": 0.3400958776473999,
    "micro_r": 0.43062809109687805,
    "micro_f1": 0.3800448775291443
  },
  "test_map": 0.4782533714966188,
  "test_tail": {
    "head_f1": 0.42659398913383484,
    "head_support": 5333,
    "mid_f1": 0.0,
    "mid_support": 1069,
    "tail_f1": 0.0,
    "tail_support": 683
  },
  "test_hier": {
    "h_precision": 0.3200795352458954,
    "h_recall": 0.44664618372917175,
    "h_f1": 0.37291643023490906
  },
  "runtime_s": 1405
}