{
  "config": {
    "geometry": "euclidean",
    "supervision": "flat",
    "dim": 64,
    "encoder": "bert-base-uncased",
    "taxonomy": "results/taxonomy/wordnet_parent.json",
    "epochs": 25,
    "batch_size": 64,
    "lr_encoder": 2e-05,
    "lr_head": 0.001,
    "pos_weight": 10.0,
    "seed": 1,
    "noise_rate": 0.0,
    "noise_mode": "sibling",
    "train_file": "/vol/tmp/goldejon/sparse_ner/data/finerweb_eng_suptrain.jsonl",
    "dev_file": "/vol/tmp/goldejon/sparse_ner/data/finerweb_eng_val.jsonl",
    "test_file": "/vol/tmp/goldejon/sparse_ner/data/finerweb_eng_test.jsonl",
    "max_len": 256,
    "train_max_records": 1000,
    "out": "results/p3d/euc-n1000-s1.json"
  },
  "noise_stats": {
    "corrupted": 0,
    "total_pos": 0
  },
  "selection": {
    "epoch": 15,
    "dev_macro_f1": 0.5756115317344666,
    "dev_map": 0.6488969489564866,
    "threshold": -0.5762536525726318
  },
  "test": {
    "strict": 0.5227946365561045,
    "macro_p": 0.5863655209541321,
    "macro_r": 0.6650670170783997,
    "macro_f1": 0.6098188757896423,
    "micro_p": 0.4966273307800293,
    "micro_r": 0.6650670170783997,
    "micro_f1": 0.5686357617378235
  },
  "test_map": 0.6810505342122904,
  "test_tail": {
    "head_f1": 0.6571387052536011,
    "head_support": 5333,
    "mid_f1": 0.18933822214603424,
    "mid_support": 1069,
    "tail_f1": 0.0,
    "tail_support": 683
  },
  "test_hier": {
    "h_precision": 0.5146923661231995,
    "h_recall": 0.7202021479606628,
    "h_f1": 0.6003468632698059
  },
  "runtime_s": 3628
}