{
  "config": {
    "geometry": "euclidean",
    "supervision": "flat",
    "dim": 64,
    "encoder": "bert-base-uncased",
    "taxonomy": "results/taxonomy/wordnet_parent.json",
    "epochs": 25,
    "batch_size": 64,
    "lr_encoder": 2e-05,
    "lr_head": 0.001,
    "pos_weight": 10.0,
    "seed": 1,
    "noise_rate": 0.0,
    "noise_mode": "sibling",
    "train_file": "/vol/tmp/goldejon/sparse_ner/data/finerweb_eng_suptrain.jsonl",
    "dev_file": "/vol/tmp/goldejon/sparse_ner/data/finerweb_eng_val.jsonl",
    "test_file": "/vol/tmp/goldejon/sparse_ner/data/finerweb_eng_test.jsonl",
    "max_len": 256,
    "train_max_records": 100,
    "out": "results/p3d/euc-n100-s1.json"
  },
  "noise_stats": {
    "corrupted": 0,
    "total_pos": 0
  },
  "selection": {
    "epoch": 24,
    "dev_macro_f1": 0.18760761618614197,
    "dev_map": 0.291252926225277,
    "threshold": -0.39377665519714355
  },
  "test": {
    "strict": 0.0,
    "macro_p": 0.1286403387784958,
    "macro_r": 0.4268172085285187,
    "macro_f1": 0.19705010950565338,
    "micro_p": 0.12613138556480408,
    "micro_r": 0.4268172085285187,
    "micro_f1": 0.19471989572048187
  },
  "test_map": 0.3035122827516636,
  "test_tail": {
    "head_f1": 0.20636001229286194,
    "head_support": 5333,
    "mid_f1": 0.0,
    "mid_support": 1069,
    "tail_f1": 0.0,
    "tail_support": 683
  },
  "test_hier": {
    "h_precision": 0.14137153327465057,
    "h_recall": 0.4350540041923523,
    "h_f1": 0.2133987694978714
  },
  "runtime_s": 646
}