{
  "config": {
    "geometry": "euclidean",
    "supervision": "flat",
    "dim": 64,
    "encoder": "bert-base-uncased",
    "taxonomy": "results/taxonomy/wordnet_parent.json",
    "epochs": 25,
    "batch_size": 64,
    "lr_encoder": 2e-05,
    "lr_head": 0.001,
    "pos_weight": 10.0,
    "seed": 3,
    "noise_rate": 0.0,
    "noise_mode": "sibling",
    "train_file": "/vol/tmp/goldejon/sparse_ner/data/finerweb_eng_suptrain.jsonl",
    "dev_file": "/vol/tmp/goldejon/sparse_ner/data/finerweb_eng_val.jsonl",
    "test_file": "/vol/tmp/goldejon/sparse_ner/data/finerweb_eng_test.jsonl",
    "max_len": 256,
    "train_max_records": 1000,
    "out": "results/p3d/euc-n1000-s3.json"
  },
  "noise_stats": {
    "corrupted": 0,
    "total_pos": 0
  },
  "selection": {
    "epoch": 14,
    "dev_macro_f1": 0.5707191824913025,
    "dev_map": 0.648692892575901,
    "threshold": -0.5582217574119568
  },
  "test": {
    "strict": 0.4866619618913197,
    "macro_p": 0.5655046105384827,
    "macro_r": 0.6567395925521851,
    "macro_f1": 0.5937379598617554,
    "micro_p": 0.49222469329833984,
    "micro_r": 0.6567395925521851,
    "micro_f1": 0.5627040863037109
  },
  "test_map": 0.6726365702981733,
  "test_tail": {
    "head_f1": 0.6378523111343384,
    "head_support": 5333,
    "mid_f1": 0.1414514183998108,
    "mid_support": 1069,
    "tail_f1": 0.0,
    "tail_support": 683
  },
  "test_hier": {
    "h_precision": 0.4908285140991211,
    "h_recall": 0.7131675481796265,
    "h_f1": 0.5814686417579651
  },
  "runtime_s": 3615
}