{
  "config": {
    "geometry": "euclidean",
    "supervision": "flat",
    "dim": 64,
    "encoder": "bert-base-uncased",
    "taxonomy": "results/taxonomy/wordnet_parent.json",
    "epochs": 25,
    "batch_size": 64,
    "lr_encoder": 2e-05,
    "lr_head": 0.001,
    "pos_weight": 10.0,
    "seed": 2,
    "noise_rate": 0.0,
    "noise_mode": "sibling",
    "train_file": "/vol/tmp/goldejon/sparse_ner/data/finerweb_eng_suptrain.jsonl",
    "dev_file": "/vol/tmp/goldejon/sparse_ner/data/finerweb_eng_val.jsonl",
    "test_file": "/vol/tmp/goldejon/sparse_ner/data/finerweb_eng_test.jsonl",
    "max_len": 256,
    "train_max_records": 100,
    "out": "results/p3d/euc-n100-s2.json"
  },
  "noise_stats": {
    "corrupted": 0,
    "total_pos": 0
  },
  "selection": {
    "epoch": 14,
    "dev_macro_f1": 0.19119055569171906,
    "dev_map": 0.28856084186761866,
    "threshold": -0.13113807141780853
  },
  "test": {
    "strict": 0.0056457304163726185,
    "macro_p": 0.1392848789691925,
    "macro_r": 0.3586450219154358,
    "macro_f1": 0.19811810553073883,
    "micro_p": 0.14292141795158386,
    "micro_r": 0.3586450219154358,
    "micro_f1": 0.20439189672470093
  },
  "test_map": 0.30199513207758466,
  "test_tail": {
    "head_f1": 0.21988578140735626,
    "head_support": 5333,
    "mid_f1": 0.0,
    "mid_support": 1069,
    "tail_f1": 0.0,
    "tail_support": 683
  },
  "test_hier": {
    "h_precision": 0.15713481605052948,
    "h_recall": 0.3870999813079834,
    "h_f1": 0.22353175282478333
  },
  "runtime_s": 635
}