{
  "config": {
    "geometry": "hyperbolic",
    "supervision": "flat",
    "dim": 64,
    "encoder": "bert-base-uncased",
    "taxonomy": "results/taxonomy/wordnet_parent.json",
    "epochs": 25,
    "batch_size": 64,
    "lr_encoder": 2e-05,
    "lr_head": 0.001,
    "pos_weight": 10.0,
    "seed": 2,
    "noise_rate": 0.0,
    "noise_mode": "sibling",
    "train_file": "/vol/tmp/goldejon/sparse_ner/data/finerweb_eng_suptrain.jsonl",
    "dev_file": "/vol/tmp/goldejon/sparse_ner/data/finerweb_eng_val.jsonl",
    "test_file": "/vol/tmp/goldejon/sparse_ner/data/finerweb_eng_test.jsonl",
    "max_len": 256,
    "train_max_records": 100,
    "out": "results/p3d/hyp-n100-s2.json"
  },
  "noise_stats": {
    "corrupted": 0,
    "total_pos": 0
  },
  "selection": {
    "epoch": 13,
    "dev_macro_f1": 0.5092355608940125,
    "dev_map": 0.6025134514013152,
    "threshold": -1.7571367025375366
  },
  "test": {
    "strict": 0.421030345800988,
    "macro_p": 0.5038673281669617,
    "macro_r": 0.6056457161903381,
    "macro_f1": 0.534561276435852,
    "micro_p": 0.4477720856666565,
    "micro_r": 0.6056457161903381,
    "micro_f1": 0.5148788094520569
  },
  "test_map": 0.6265849143337899,
  "test_tail": {
    "head_f1": 0.5846788287162781,
    "head_support": 5333,
    "mid_f1": 0.050455499440431595,
    "mid_support": 1069,
    "tail_f1": 0.0,
    "tail_support": 683
  },
  "test_hier": {
    "h_precision": 0.4646507501602173,
    "h_recall": 0.6531259417533875,
    "h_f1": 0.5429984331130981
  },
  "runtime_s": 645
}