{
  "config": {
    "geometry": "hyperbolic",
    "supervision": "flat",
    "dim": 64,
    "encoder": "bert-base-uncased",
    "taxonomy": "results/taxonomy/wordnet_parent.json",
    "epochs": 25,
    "batch_size": 64,
    "lr_encoder": 2e-05,
    "lr_head": 0.001,
    "pos_weight": 10.0,
    "seed": 3,
    "noise_rate": 0.0,
    "noise_mode": "sibling",
    "train_file": "/vol/tmp/goldejon/sparse_ner/data/finerweb_eng_suptrain.jsonl",
    "dev_file": "/vol/tmp/goldejon/sparse_ner/data/finerweb_eng_val.jsonl",
    "test_file": "/vol/tmp/goldejon/sparse_ner/data/finerweb_eng_test.jsonl",
    "max_len": 256,
    "train_max_records": 1000,
    "out": "results/p3d/hyp-n1000-s3.json"
  },
  "noise_stats": {
    "corrupted": 0,
    "total_pos": 0
  },
  "selection": {
    "epoch": 14,
    "dev_macro_f1": 0.5374380350112915,
    "dev_map": 0.6359671403921338,
    "threshold": -1.0519065856933594
  },
  "test": {
    "strict": 0.4701482004234298,
    "macro_p": 0.5433403849601746,
    "macro_r": 0.6272406578063965,
    "macro_f1": 0.5694263577461243,
    "micro_p": 0.511451244354248,
    "micro_r": 0.6272406578063965,
    "micro_f1": 0.5634588599205017
  },
  "test_map": 0.6597156593190099,
  "test_tail": {
    "head_f1": 0.6893038749694824,
    "head_support": 5333,
    "mid_f1": 0.2328469455242157,
    "mid_support": 1069,
    "tail_f1": 0.023285899311304092,
    "tail_support": 683
  },
  "test_hier": {
    "h_precision": 0.5429172515869141,
    "h_recall": 0.6649162769317627,
    "h_f1": 0.5977554321289062
  },
  "runtime_s": 3607
}