{
  "config": {
    "geometry": "hyperbolic",
    "supervision": "flat",
    "dim": 64,
    "encoder": "bert-base-uncased",
    "taxonomy": "results/taxonomy/wordnet_parent.json",
    "epochs": 25,
    "batch_size": 64,
    "lr_encoder": 2e-05,
    "lr_head": 0.001,
    "pos_weight": 10.0,
    "seed": 3,
    "noise_rate": 0.0,
    "noise_mode": "sibling",
    "train_file": "/vol/tmp/goldejon/sparse_ner/data/finerweb_eng_suptrain.jsonl",
    "dev_file": "/vol/tmp/goldejon/sparse_ner/data/finerweb_eng_val.jsonl",
    "test_file": "/vol/tmp/goldejon/sparse_ner/data/finerweb_eng_test.jsonl",
    "max_len": 256,
    "train_max_records": 300,
    "out": "results/p3d/hyp-n300-s3.json"
  },
  "noise_stats": {
    "corrupted": 0,
    "total_pos": 0
  },
  "selection": {
    "epoch": 1,
    "dev_macro_f1": 0.5049358010292053,
    "dev_map": 0.5937458638057517,
    "threshold": -1.7449345588684082
  },
  "test": {
    "strict": 0.43599153140437547,
    "macro_p": 0.5041543245315552,
    "macro_r": 0.5960479974746704,
    "macro_f1": 0.5304163694381714,
    "micro_p": 0.40727168321609497,
    "micro_r": 0.5960479974746704,
    "micro_f1": 0.4839005172252655
  },
  "test_map": 0.611531800345951,
  "test_tail": {
    "head_f1": 0.5390369892120361,
    "head_support": 5333,
    "mid_f1": 0.01413427572697401,
    "mid_support": 1069,
    "tail_f1": 0.0,
    "tail_support": 683
  },
  "test_hier": {
    "h_precision": 0.4478069841861725,
    "h_recall": 0.6362825632095337,
    "h_f1": 0.5256609916687012
  },
  "runtime_s": 1304
}