{
  "config": {
    "geometry": "hyperbolic",
    "supervision": "flat",
    "dim": 64,
    "encoder": "bert-base-uncased",
    "taxonomy": "results/taxonomy/wordnet_parent.json",
    "epochs": 25,
    "batch_size": 64,
    "lr_encoder": 2e-05,
    "lr_head": 0.001,
    "pos_weight": 10.0,
    "seed": 1,
    "noise_rate": 0.0,
    "noise_mode": "sibling",
    "train_file": "/vol/tmp/goldejon/sparse_ner/data/finerweb_eng_suptrain.jsonl",
    "dev_file": "/vol/tmp/goldejon/sparse_ner/data/finerweb_eng_val.jsonl",
    "test_file": "/vol/tmp/goldejon/sparse_ner/data/finerweb_eng_test.jsonl",
    "max_len": 256,
    "train_max_records": 100,
    "out": "results/p3d/hyp-n100-s1.json"
  },
  "noise_stats": {
    "corrupted": 0,
    "total_pos": 0
  },
  "selection": {
    "epoch": 3,
    "dev_macro_f1": 0.5014100670814514,
    "dev_map": 0.5774543042829713,
    "threshold": -2.012050151824951
  },
  "test": {
    "strict": 0.46309103740296403,
    "macro_p": 0.5074712038040161,
    "macro_r": 0.563302755355835,
    "macro_f1": 0.52402263879776,
    "micro_p": 0.3995794951915741,
    "micro_r": 0.563302755355835,
    "micro_f1": 0.4675218164920807
  },
  "test_map": 0.5876334937894019,
  "test_tail": {
    "head_f1": 0.5226677060127258,
    "head_support": 5333,
    "mid_f1": 0.0035523977130651474,
    "mid_support": 1069,
    "tail_f1": 0.0,
    "tail_support": 683
  },
  "test_hier": {
    "h_precision": 0.4604746401309967,
    "h_recall": 0.5575150847434998,
    "h_f1": 0.5043696165084839
  },
  "runtime_s": 659
}