{
  "config": {
    "geometry": "hyperbolic",
    "supervision": "flat",
    "dim": 64,
    "encoder": "bert-base-uncased",
    "taxonomy": "results/taxonomy/wordnet_parent.json",
    "epochs": 25,
    "batch_size": 64,
    "lr_encoder": 2e-05,
    "lr_head": 0.001,
    "pos_weight": 10.0,
    "seed": 1,
    "noise_rate": 0.0,
    "noise_mode": "sibling",
    "train_file": "/vol/tmp/goldejon/sparse_ner/data/finerweb_eng_suptrain.jsonl",
    "dev_file": "/vol/tmp/goldejon/sparse_ner/data/finerweb_eng_val.jsonl",
    "test_file": "/vol/tmp/goldejon/sparse_ner/data/finerweb_eng_test.jsonl",
    "max_len": 256,
    "train_max_records": 300,
    "out": "results/p3d/hyp-n300-s1.json"
  },
  "noise_stats": {
    "corrupted": 0,
    "total_pos": 0
  },
  "selection": {
    "epoch": 5,
    "dev_macro_f1": 0.5024871230125427,
    "dev_map": 0.6302550919477974,
    "threshold": -1.632960557937622
  },
  "test": {
    "strict": 0.3752999294283698,
    "macro_p": 0.47946837544441223,
    "macro_r": 0.6351446509361267,
    "macro_f1": 0.5225123763084412,
    "micro_p": 0.39918389916419983,
    "micro_r": 0.6351446509361267,
    "micro_f1": 0.49024948477745056
  },
  "test_map": 0.6438006870066644,
  "test_tail": {
    "head_f1": 0.5448867082595825,
    "head_support": 5333,
    "mid_f1": 0.0758364275097847,
    "mid_support": 1069,
    "tail_f1": 0.0,
    "tail_support": 683
  },
  "test_hier": {
    "h_precision": 0.42458274960517883,
    "h_recall": 0.6779946684837341,
    "h_f1": 0.5221670866012573
  },
  "runtime_s": 1287
}