{
  "config": {
    "geometry": "euclidean",
    "supervision": "flat",
    "loss": "soft-bce",
    "soft_alpha": 0.5,
    "dim": 64,
    "encoder": "bert-base-uncased",
    "taxonomy": "results/taxonomy/wordnet_parent.json",
    "epochs": 25,
    "batch_size": 32,
    "lr_encoder": 2e-05,
    "lr_head": 0.001,
    "pos_weight": 10.0,
    "seed": 3,
    "noise_rate": 0.0,
    "noise_mode": "sibling",
    "train_file": "/vol/tmp/goldejon/sparse_ner/data/ufet_crowd_train.jsonl",
    "dev_file": "/vol/tmp/goldejon/sparse_ner/data/ufet_crowd_validation.jsonl",
    "test_file": "/vol/tmp/goldejon/sparse_ner/data/ufet_crowd_test.jsonl",
    "max_len": 128,
    "train_max_records": null,
    "out": "results/c3/euc-soft-bce-s3.json"
  },
  "noise_stats": {
    "corrupted": 0,
    "total_pos": 0
  },
  "selection": {
    "epoch": 24,
    "dev_macro_f1": 0.23407046496868134,
    "dev_map": 0.2719416324847197,
    "threshold": 0.09998226165771484
  },
  "test": {
    "strict": 0.0025025025025025025,
    "macro_p": 0.26737940311431885,
    "macro_r": 0.26010093092918396,
    "macro_f1": 0.23507659137248993,
    "micro_p": 0.2704557776451111,
    "micro_r": 0.23497624695301056,
    "micro_f1": 0.25147074460983276
  },
  "test_map": 0.2730547932333931,
  "test_tail": {
    "head_f1": 0.4109564423561096,
    "head_support": 2812,
    "mid_f1": 0.07687253504991531,
    "mid_support": 5086,
    "tail_f1": 0.0,
    "tail_support": 2835
  },
  "test_hier": {
    "h_precision": 0.34541556239128113,
    "h_recall": 0.2248045802116394,
    "h_f1": 0.27235448360443115
  },
  "runtime_s": 188
}