{
  "config": {
    "geometry": "euclidean",
    "supervision": "flat",
    "loss": "infonce",
    "soft_alpha": 0.5,
    "dim": 64,
    "encoder": "bert-base-uncased",
    "taxonomy": "results/taxonomy/wordnet_parent.json",
    "epochs": 25,
    "batch_size": 32,
    "lr_encoder": 2e-05,
    "lr_head": 0.001,
    "pos_weight": 10.0,
    "seed": 2,
    "noise_rate": 0.0,
    "noise_mode": "sibling",
    "train_file": "/vol/tmp/goldejon/sparse_ner/data/ufet_crowd_train.jsonl",
    "dev_file": "/vol/tmp/goldejon/sparse_ner/data/ufet_crowd_validation.jsonl",
    "test_file": "/vol/tmp/goldejon/sparse_ner/data/ufet_crowd_test.jsonl",
    "max_len": 128,
    "train_max_records": null,
    "out": "results/c3/euc-infonce-s2.json"
  },
  "noise_stats": {
    "corrupted": 0,
    "total_pos": 0
  },
  "selection": {
    "epoch": 12,
    "dev_macro_f1": 0.3148465156555176,
    "dev_map": 0.4131088896628322,
    "threshold": 2.0479555130004883
  },
  "test": {
    "strict": 0.014514514514514515,
    "macro_p": 0.3834806978702545,
    "macro_r": 0.42742547392845154,
    "macro_f1": 0.3186492621898651,
    "micro_p": 0.12115226686000824,
    "micro_r": 0.4114413559436798,
    "micro_f1": 0.18718606233596802
  },
  "test_map": 0.4216636669594683,
  "test_tail": {
    "head_f1": 0.6285616755485535,
    "head_support": 2812,
    "mid_f1": 0.2573168873786926,
    "mid_support": 5086,
    "tail_f1": 0.031755149364471436,
    "tail_support": 2835
  },
  "test_hier": {
    "h_precision": 0.1249365285038948,
    "h_recall": 0.41213008761405945,
    "h_f1": 0.19174566864967346
  },
  "runtime_s": 187
}