{
  "config": {
    "geometry": "euclidean",
    "supervision": "flat",
    "loss": "infonce",
    "soft_alpha": 0.5,
    "dim": 64,
    "encoder": "bert-base-uncased",
    "taxonomy": "results/taxonomy/wordnet_parent.json",
    "epochs": 25,
    "batch_size": 32,
    "lr_encoder": 2e-05,
    "lr_head": 0.001,
    "pos_weight": 10.0,
    "seed": 1,
    "noise_rate": 0.0,
    "noise_mode": "sibling",
    "train_file": "/vol/tmp/goldejon/sparse_ner/data/ufet_crowd_train.jsonl",
    "dev_file": "/vol/tmp/goldejon/sparse_ner/data/ufet_crowd_validation.jsonl",
    "test_file": "/vol/tmp/goldejon/sparse_ner/data/ufet_crowd_test.jsonl",
    "max_len": 128,
    "train_max_records": null,
    "out": "results/c3/euc-infonce-s1.json"
  },
  "noise_stats": {
    "corrupted": 0,
    "total_pos": 0
  },
  "selection": {
    "epoch": 11,
    "dev_macro_f1": 0.3133618235588074,
    "dev_map": 0.41836723557016336,
    "threshold": 1.9533462524414062
  },
  "test": {
    "strict": 0.012512512512512513,
    "macro_p": 0.4133908748626709,
    "macro_r": 0.3990587890148163,
    "macro_f1": 0.3200943171977997,
    "micro_p": 0.15569090843200684,
    "micro_r": 0.3810677230358124,
    "micro_f1": 0.22106315195560455
  },
  "test_map": 0.4237599472498649,
  "test_tail": {
    "head_f1": 0.6256392002105713,
    "head_support": 2812,
    "mid_f1": 0.26862838864326477,
    "mid_support": 5086,
    "tail_f1": 0.04040282592177391,
    "tail_support": 2835
  },
  "test_hier": {
    "h_precision": 0.15430258214473724,
    "h_recall": 0.3793271780014038,
    "h_f1": 0.21936991810798645
  },
  "runtime_s": 191
}