{
  "config": {
    "geometry": "euclidean",
    "supervision": "flat",
    "loss": "infonce-masked",
    "soft_alpha": 0.5,
    "dim": 64,
    "encoder": "bert-base-uncased",
    "taxonomy": "results/taxonomy/wordnet_parent.json",
    "epochs": 25,
    "batch_size": 32,
    "lr_encoder": 2e-05,
    "lr_head": 0.001,
    "pos_weight": 10.0,
    "seed": 1,
    "noise_rate": 0.0,
    "noise_mode": "sibling",
    "train_file": "/vol/tmp/goldejon/sparse_ner/data/ufet_crowd_train.jsonl",
    "dev_file": "/vol/tmp/goldejon/sparse_ner/data/ufet_crowd_validation.jsonl",
    "test_file": "/vol/tmp/goldejon/sparse_ner/data/ufet_crowd_test.jsonl",
    "max_len": 128,
    "train_max_records": null,
    "out": "results/c3/euc-infonce-masked-s1.json"
  },
  "noise_stats": {
    "corrupted": 0,
    "total_pos": 0
  },
  "selection": {
    "epoch": 11,
    "dev_macro_f1": 0.3159087300300598,
    "dev_map": 0.41679423913639707,
    "threshold": 1.8767707347869873
  },
  "test": {
    "strict": 0.008008008008008008,
    "macro_p": 0.39078542590141296,
    "macro_r": 0.41991645097732544,
    "macro_f1": 0.31882551312446594,
    "micro_p": 0.13844922184944153,
    "micro_r": 0.40259015560150146,
    "micro_f1": 0.20604154467582703
  },
  "test_map": 0.4239116335084718,
  "test_tail": {
    "head_f1": 0.6234858632087708,
    "head_support": 2812,
    "mid_f1": 0.26223140954971313,
    "mid_support": 5086,
    "tail_f1": 0.03743262216448784,
    "tail_support": 2835
  },
  "test_hier": {
    "h_precision": 0.13832172751426697,
    "h_recall": 0.4004746079444885,
    "h_f1": 0.2056225687265396
  },
  "runtime_s": 192
}