{
  "config": {
    "geometry": "euclidean",
    "supervision": "flat",
    "loss": "infonce-masked",
    "soft_alpha": 0.5,
    "dim": 64,
    "encoder": "bert-base-uncased",
    "taxonomy": "results/taxonomy/wordnet_parent.json",
    "epochs": 25,
    "batch_size": 32,
    "lr_encoder": 2e-05,
    "lr_head": 0.001,
    "pos_weight": 10.0,
    "seed": 3,
    "noise_rate": 0.0,
    "noise_mode": "sibling",
    "train_file": "/vol/tmp/goldejon/sparse_ner/data/ufet_crowd_train.jsonl",
    "dev_file": "/vol/tmp/goldejon/sparse_ner/data/ufet_crowd_validation.jsonl",
    "test_file": "/vol/tmp/goldejon/sparse_ner/data/ufet_crowd_test.jsonl",
    "max_len": 128,
    "train_max_records": null,
    "out": "results/c3/euc-infonce-masked-s3.json"
  },
  "noise_stats": {
    "corrupted": 0,
    "total_pos": 0
  },
  "selection": {
    "epoch": 9,
    "dev_macro_f1": 0.322001576423645,
    "dev_map": 0.41870306909611876,
    "threshold": 1.6782712936401367
  },
  "test": {
    "strict": 0.011011011011011011,
    "macro_p": 0.40342915058135986,
    "macro_r": 0.3844360113143921,
    "macro_f1": 0.32411590218544006,
    "micro_p": 0.16383475065231323,
    "micro_r": 0.3665331304073334,
    "micro_f1": 0.2264498621225357
  },
  "test_map": 0.42251159887486633,
  "test_tail": {
    "head_f1": 0.6203072667121887,
    "head_support": 2812,
    "mid_f1": 0.25572243332862854,
    "mid_support": 5086,
    "tail_f1": 0.0301753431558609,
    "tail_support": 2835
  },
  "test_hier": {
    "h_precision": 0.16596728563308716,
    "h_recall": 0.3505723178386688,
    "h_f1": 0.22528201341629028
  },
  "runtime_s": 190
}