{
  "config": {
    "geometry": "euclidean",
    "supervision": "flat",
    "loss": "soft-bce",
    "soft_alpha": 0.5,
    "dim": 64,
    "encoder": "bert-base-uncased",
    "taxonomy": "results/taxonomy/wordnet_parent.json",
    "epochs": 25,
    "batch_size": 32,
    "lr_encoder": 2e-05,
    "lr_head": 0.001,
    "pos_weight": 10.0,
    "seed": 1,
    "noise_rate": 0.0,
    "noise_mode": "sibling",
    "train_file": "/vol/tmp/goldejon/sparse_ner/data/ufet_crowd_train.jsonl",
    "dev_file": "/vol/tmp/goldejon/sparse_ner/data/ufet_crowd_validation.jsonl",
    "test_file": "/vol/tmp/goldejon/sparse_ner/data/ufet_crowd_test.jsonl",
    "max_len": 128,
    "train_max_records": null,
    "out": "results/c3/euc-soft-bce-s1.json"
  },
  "noise_stats": {
    "corrupted": 0,
    "total_pos": 0
  },
  "selection": {
    "epoch": 24,
    "dev_macro_f1": 0.23673059046268463,
    "dev_map": 0.27510552987675996,
    "threshold": 0.25993287563323975
  },
  "test": {
    "strict": 0.0045045045045045045,
    "macro_p": 0.3207145631313324,
    "macro_r": 0.2289281189441681,
    "macro_f1": 0.23513980209827423,
    "micro_p": 0.29994434118270874,
    "micro_r": 0.20087580382823944,
    "micro_f1": 0.24061155319213867
  },
  "test_map": 0.2764537368299721,
  "test_tail": {
    "head_f1": 0.4285867214202881,
    "head_support": 2812,
    "mid_f1": 0.05147960036993027,
    "mid_support": 5086,
    "tail_f1": 0.0,
    "tail_support": 2835
  },
  "test_hier": {
    "h_precision": 0.3845297694206238,
    "h_recall": 0.19290898740291595,
    "h_f1": 0.2569250762462616
  },
  "runtime_s": 187
}