{
  "config": {
    "geometry": "hyperbolic",
    "supervision": "flat",
    "loss": "soft-bce",
    "soft_alpha": 0.5,
    "dim": 64,
    "encoder": "bert-base-uncased",
    "taxonomy": "results/taxonomy/wordnet_parent.json",
    "epochs": 25,
    "batch_size": 32,
    "lr_encoder": 2e-05,
    "lr_head": 0.001,
    "pos_weight": 10.0,
    "seed": 3,
    "noise_rate": 0.0,
    "noise_mode": "sibling",
    "train_file": "/vol/tmp/goldejon/sparse_ner/data/ufet_crowd_train.jsonl",
    "dev_file": "/vol/tmp/goldejon/sparse_ner/data/ufet_crowd_validation.jsonl",
    "test_file": "/vol/tmp/goldejon/sparse_ner/data/ufet_crowd_test.jsonl",
    "max_len": 128,
    "train_max_records": null,
    "out": "results/c3/hyp-soft-bce-s3.json"
  },
  "noise_stats": {
    "corrupted": 0,
    "total_pos": 0
  },
  "selection": {
    "epoch": 24,
    "dev_macro_f1": 0.26349449157714844,
    "dev_map": 0.3254198892438953,
    "threshold": -0.6329129934310913
  },
  "test": {
    "strict": 0.0005005005005005005,
    "macro_p": 0.23926027119159698,
    "macro_r": 0.42096084356307983,
    "macro_f1": 0.2638796865940094,
    "micro_p": 0.24739034473896027,
    "micro_r": 0.4261623024940491,
    "micro_f1": 0.31305181980133057
  },
  "test_map": 0.3277780630426882,
  "test_tail": {
    "head_f1": 0.5421640276908875,
    "head_support": 2812,
    "mid_f1": 0.2657777965068817,
    "mid_support": 5086,
    "tail_f1": 0.01916932873427868,
    "tail_support": 2835
  },
  "test_hier": {
    "h_precision": 0.29883697628974915,
    "h_recall": 0.4052903354167938,
    "h_f1": 0.34401658177375793
  },
  "runtime_s": 189
}