{
  "config": {
    "geometry": "hyperbolic",
    "supervision": "flat",
    "loss": "infonce",
    "soft_alpha": 0.5,
    "dim": 64,
    "encoder": "bert-base-uncased",
    "taxonomy": "results/taxonomy/wordnet_parent.json",
    "epochs": 25,
    "batch_size": 32,
    "lr_encoder": 2e-05,
    "lr_head": 0.001,
    "pos_weight": 10.0,
    "seed": 1,
    "noise_rate": 0.0,
    "noise_mode": "sibling",
    "train_file": "/vol/tmp/goldejon/sparse_ner/data/ufet_crowd_train.jsonl",
    "dev_file": "/vol/tmp/goldejon/sparse_ner/data/ufet_crowd_validation.jsonl",
    "test_file": "/vol/tmp/goldejon/sparse_ner/data/ufet_crowd_test.jsonl",
    "max_len": 128,
    "train_max_records": null,
    "out": "results/c3/hyp-infonce-s1.json"
  },
  "noise_stats": {
    "corrupted": 0,
    "total_pos": 0
  },
  "selection": {
    "epoch": 5,
    "dev_macro_f1": 0.1454712599515915,
    "dev_map": 0.37248633635456746,
    "threshold": -11.360542297363281
  },
  "test": {
    "strict": 0.015515515515515516,
    "macro_p": 0.30013400316238403,
    "macro_r": 0.15335430204868317,
    "macro_f1": 0.15053239464759827,
    "micro_p": 0.025071503594517708,
    "micro_r": 0.12904126942157745,
    "micro_f1": 0.04198560118675232
  },
  "test_map": 0.37824825626262126,
  "test_tail": {
    "head_f1": 0.4218713939189911,
    "head_support": 2812,
    "mid_f1": 0.09031352400779724,
    "mid_support": 5086,
    "tail_f1": 0.00290259369648993,
    "tail_support": 2835
  },
  "test_hier": {
    "h_precision": 0.02539719268679619,
    "h_recall": 0.1375628113746643,
    "h_f1": 0.04287811741232872
  },
  "runtime_s": 191
}