{
  "config": {
    "geometry": "hyperbolic",
    "supervision": "flat",
    "loss": "infonce-masked",
    "soft_alpha": 0.5,
    "dim": 64,
    "encoder": "bert-base-uncased",
    "taxonomy": "results/taxonomy/wordnet_parent.json",
    "epochs": 25,
    "batch_size": 32,
    "lr_encoder": 2e-05,
    "lr_head": 0.001,
    "pos_weight": 10.0,
    "seed": 3,
    "noise_rate": 0.0,
    "noise_mode": "sibling",
    "train_file": "/vol/tmp/goldejon/sparse_ner/data/ufet_crowd_train.jsonl",
    "dev_file": "/vol/tmp/goldejon/sparse_ner/data/ufet_crowd_validation.jsonl",
    "test_file": "/vol/tmp/goldejon/sparse_ner/data/ufet_crowd_test.jsonl",
    "max_len": 128,
    "train_max_records": null,
    "out": "results/c3/hyp-infonce-masked-s3.json"
  },
  "noise_stats": {
    "corrupted": 0,
    "total_pos": 0
  },
  "selection": {
    "epoch": 8,
    "dev_macro_f1": 0.12092126160860062,
    "dev_map": 0.37295090760061556,
    "threshold": -13.093287467956543
  },
  "test": {
    "strict": 0.012012012012012012,
    "macro_p": 0.23167751729488373,
    "macro_r": 0.13285253942012787,
    "macro_f1": 0.12282738834619522,
    "micro_p": 0.024420101195573807,
    "micro_r": 0.10779837518930435,
    "micro_f1": 0.03981965780258179
  },
  "test_map": 0.37465371766790023,
  "test_tail": {
    "head_f1": 0.37003517150878906,
    "head_support": 2812,
    "mid_f1": 0.08523713797330856,
    "mid_support": 5086,
    "tail_f1": 0.0043730842880904675,
    "tail_support": 2835
  },
  "test_hier": {
    "h_precision": 0.025738853961229324,
    "h_recall": 0.12618649005889893,
    "h_f1": 0.042756471782922745
  },
  "runtime_s": 188
}