{
  "config": {
    "geometry": "euclidean",
    "supervision": "ancestor",
    "dim": 128,
    "encoder": "bert-base-uncased",
    "taxonomy": "results/taxonomy/wordnet_parent.json",
    "epochs": 25,
    "batch_size": 32,
    "lr_encoder": 2e-05,
    "lr_head": 0.001,
    "pos_weight": 10.0,
    "seed": 2,
    "noise_rate": 0.0,
    "noise_mode": "sibling",
    "train_file": "/vol/tmp/goldejon/sparse_ner/data/ufet_crowd_train.jsonl",
    "dev_file": "/vol/tmp/goldejon/sparse_ner/data/ufet_crowd_validation.jsonl",
    "test_file": "/vol/tmp/goldejon/sparse_ner/data/ufet_crowd_test.jsonl",
    "max_len": 128,
    "train_max_records": null,
    "out": "results/p1_anc_v2/euc-anc-d128-s2.json"
  },
  "noise_stats": {
    "corrupted": 0,
    "total_pos": 0
  },
  "selection": {
    "epoch": 24,
    "dev_macro_f1": 0.21679431200027466,
    "dev_map": 0.25447546091941087,
    "threshold": 0.2806973457336426
  },
  "test": {
    "strict": 0.0005005005005005005,
    "macro_p": 0.24328084290027618,
    "macro_r": 0.2384515106678009,
    "macro_f1": 0.21610866487026215,
    "micro_p": 0.22441917657852173,
    "micro_r": 0.2114972472190857,
    "micro_f1": 0.2177666872739792
  },
  "test_map": 0.2581817469037567,
  "test_tail": {
    "head_f1": 0.3678983449935913,
    "head_support": 2812,
    "mid_f1": 0.0626097097992897,
    "mid_support": 5086,
    "tail_f1": 0.0,
    "tail_support": 2835
  },
  "test_hier": {
    "h_precision": 0.31893226504325867,
    "h_recall": 0.22515355050563812,
    "h_f1": 0.2639610767364502
  },
  "runtime_s": 191
}