{
  "config": {
    "geometry": "euclidean",
    "supervision": "ancestor",
    "dim": 64,
    "encoder": "bert-base-uncased",
    "taxonomy": "results/taxonomy/wordnet_parent.json",
    "epochs": 25,
    "batch_size": 32,
    "lr_encoder": 2e-05,
    "lr_head": 0.001,
    "pos_weight": 10.0,
    "seed": 42,
    "noise_rate": 0.0,
    "noise_mode": "sibling",
    "train_file": "/vol/tmp/goldejon/sparse_ner/data/ufet_crowd_train.jsonl",
    "dev_file": "/vol/tmp/goldejon/sparse_ner/data/ufet_crowd_validation.jsonl",
    "test_file": "/vol/tmp/goldejon/sparse_ner/data/ufet_crowd_test.jsonl",
    "max_len": 128,
    "train_max_records": null,
    "out": "results/p1_anc_v2/euc-anc-d64-s42.json"
  },
  "noise_stats": {
    "corrupted": 0,
    "total_pos": 0
  },
  "selection": {
    "epoch": 24,
    "dev_macro_f1": 0.2190363109111786,
    "dev_map": 0.25813132115003584,
    "threshold": 0.2622002363204956
  },
  "test": {
    "strict": 0.0,
    "macro_p": 0.2461874783039093,
    "macro_r": 0.23962454497814178,
    "macro_f1": 0.21725988388061523,
    "micro_p": 0.2267022430896759,
    "micro_r": 0.21373334527015686,
    "micro_f1": 0.2200268656015396
  },
  "test_map": 0.2608660294028957,
  "test_tail": {
    "head_f1": 0.3706081509590149,
    "head_support": 2812,
    "mid_f1": 0.06352940946817398,
    "mid_support": 5086,
    "tail_f1": 0.0,
    "tail_support": 2835
  },
  "test_hier": {
    "h_precision": 0.32147446274757385,
    "h_recall": 0.2270379662513733,
    "h_f1": 0.26612672209739685
  },
  "runtime_s": 192
}