{
  "config": {
    "geometry": "euclidean",
    "supervision": "ancestor",
    "dim": 128,
    "encoder": "bert-base-uncased",
    "taxonomy": "results/taxonomy/wordnet_parent.json",
    "epochs": 25,
    "batch_size": 32,
    "lr_encoder": 2e-05,
    "lr_head": 0.001,
    "pos_weight": 10.0,
    "seed": 1,
    "noise_rate": 0.0,
    "noise_mode": "sibling",
    "train_file": "/vol/tmp/goldejon/sparse_ner/data/ufet_crowd_train.jsonl",
    "dev_file": "/vol/tmp/goldejon/sparse_ner/data/ufet_crowd_validation.jsonl",
    "test_file": "/vol/tmp/goldejon/sparse_ner/data/ufet_crowd_test.jsonl",
    "max_len": 128,
    "train_max_records": null,
    "out": "results/p1_anc_v2/euc-anc-d128-s1.json"
  },
  "noise_stats": {
    "corrupted": 0,
    "total_pos": 0
  },
  "selection": {
    "epoch": 24,
    "dev_macro_f1": 0.22133345901966095,
    "dev_map": 0.25780961994875456,
    "threshold": 0.31664717197418213
  },
  "test": {
    "strict": 0.001001001001001001,
    "macro_p": 0.2587469816207886,
    "macro_r": 0.24017389118671417,
    "macro_f1": 0.2210591435432434,
    "micro_p": 0.22892288863658905,
    "micro_r": 0.2132674902677536,
    "micro_f1": 0.22081805765628815
  },
  "test_map": 0.25973953393804206,
  "test_tail": {
    "head_f1": 0.3800913393497467,
    "head_support": 2812,
    "mid_f1": 0.05988195911049843,
    "mid_support": 5086,
    "tail_f1": 0.0,
    "tail_support": 2835
  },
  "test_hier": {
    "h_precision": 0.325032502412796,
    "h_recall": 0.22682859003543854,
    "h_f1": 0.2671928107738495
  },
  "runtime_s": 188
}