{
  "config": {
    "geometry": "euclidean",
    "supervision": "ancestor",
    "dim": 128,
    "encoder": "bert-base-uncased",
    "taxonomy": "results/taxonomy/wordnet_parent.json",
    "epochs": 25,
    "batch_size": 32,
    "lr_encoder": 2e-05,
    "lr_head": 0.001,
    "pos_weight": 10.0,
    "seed": 42,
    "noise_rate": 0.0,
    "noise_mode": "sibling",
    "train_file": "/vol/tmp/goldejon/sparse_ner/data/ufet_crowd_train.jsonl",
    "dev_file": "/vol/tmp/goldejon/sparse_ner/data/ufet_crowd_validation.jsonl",
    "test_file": "/vol/tmp/goldejon/sparse_ner/data/ufet_crowd_test.jsonl",
    "max_len": 128,
    "train_max_records": null,
    "out": "results/p1_anc_v2/euc-anc-d128-s42.json"
  },
  "noise_stats": {
    "corrupted": 0,
    "total_pos": 0
  },
  "selection": {
    "epoch": 24,
    "dev_macro_f1": 0.21702995896339417,
    "dev_map": 0.2532909867035311,
    "threshold": 0.23878079652786255
  },
  "test": {
    "strict": 0.0,
    "macro_p": 0.24599948525428772,
    "macro_r": 0.2360338568687439,
    "macro_f1": 0.21518689393997192,
    "micro_p": 0.2233412265777588,
    "micro_r": 0.21075189113616943,
    "micro_f1": 0.21686400473117828
  },
  "test_map": 0.25636493777760194,
  "test_tail": {
    "head_f1": 0.36944717168807983,
    "head_support": 2812,
    "mid_f1": 0.05506478250026703,
    "mid_support": 5086,
    "tail_f1": 0.0,
    "tail_support": 2835
  },
  "test_hier": {
    "h_precision": 0.31674566864967346,
    "h_recall": 0.22389726340770721,
    "h_f1": 0.2623487114906311
  },
  "runtime_s": 188
}