{
  "config": {
    "geometry": "euclidean",
    "supervision": "ancestor",
    "dim": 64,
    "encoder": "bert-base-uncased",
    "taxonomy": "results/taxonomy/wordnet_parent.json",
    "epochs": 25,
    "batch_size": 32,
    "lr_encoder": 2e-05,
    "lr_head": 0.001,
    "pos_weight": 10.0,
    "seed": 3,
    "noise_rate": 0.0,
    "noise_mode": "sibling",
    "train_file": "/vol/tmp/goldejon/sparse_ner/data/ufet_crowd_train.jsonl",
    "dev_file": "/vol/tmp/goldejon/sparse_ner/data/ufet_crowd_validation.jsonl",
    "test_file": "/vol/tmp/goldejon/sparse_ner/data/ufet_crowd_test.jsonl",
    "max_len": 128,
    "train_max_records": null,
    "out": "results/p1_anc_v2/euc-anc-d64-s3.json"
  },
  "noise_stats": {
    "corrupted": 0,
    "total_pos": 0
  },
  "selection": {
    "epoch": 24,
    "dev_macro_f1": 0.2160402536392212,
    "dev_map": 0.25784463058846857,
    "threshold": 0.39406293630599976
  },
  "test": {
    "strict": 0.002002002002002002,
    "macro_p": 0.2644161880016327,
    "macro_r": 0.2288573682308197,
    "macro_f1": 0.21832355856895447,
    "micro_p": 0.24931600689888,
    "micro_r": 0.20376409590244293,
    "micro_f1": 0.2242501825094223
  },
  "test_map": 0.26001415302300834,
  "test_tail": {
    "head_f1": 0.3925853967666626,
    "head_support": 2812,
    "mid_f1": 0.05451713502407074,
    "mid_support": 5086,
    "tail_f1": 0.0,
    "tail_support": 2835
  },
  "test_hier": {
    "h_precision": 0.3432512581348419,
    "h_recall": 0.21014796197414398,
    "h_f1": 0.26069265604019165
  },
  "runtime_s": 193
}