{
  "config": {
    "geometry": "euclidean",
    "supervision": "ancestor",
    "dim": 128,
    "encoder": "bert-base-uncased",
    "taxonomy": "results/taxonomy/wordnet_parent.json",
    "epochs": 25,
    "batch_size": 32,
    "lr_encoder": 2e-05,
    "lr_head": 0.001,
    "pos_weight": 10.0,
    "seed": 3,
    "noise_rate": 0.0,
    "noise_mode": "sibling",
    "train_file": "/vol/tmp/goldejon/sparse_ner/data/ufet_crowd_train.jsonl",
    "dev_file": "/vol/tmp/goldejon/sparse_ner/data/ufet_crowd_validation.jsonl",
    "test_file": "/vol/tmp/goldejon/sparse_ner/data/ufet_crowd_test.jsonl",
    "max_len": 128,
    "train_max_records": null,
    "out": "results/p1_anc_v2/euc-anc-d128-s3.json"
  },
  "noise_stats": {
    "corrupted": 0,
    "total_pos": 0
  },
  "selection": {
    "epoch": 24,
    "dev_macro_f1": 0.22047999501228333,
    "dev_map": 0.2581699166473246,
    "threshold": 0.40622514486312866
  },
  "test": {
    "strict": 0.001001001001001001,
    "macro_p": 0.2700508236885071,
    "macro_r": 0.2241183966398239,
    "macro_f1": 0.21797849237918854,
    "micro_p": 0.2420215755701065,
    "micro_r": 0.19854654371738434,
    "micro_f1": 0.21813900768756866
  },
  "test_map": 0.26240257367192266,
  "test_tail": {
    "head_f1": 0.3835291862487793,
    "head_support": 2812,
    "mid_f1": 0.05748175457119942,
    "mid_support": 5086,
    "tail_f1": 0.0,
    "tail_support": 2835
  },
  "test_hier": {
    "h_precision": 0.3424190878868103,
    "h_recall": 0.21042713522911072,
    "h_f1": 0.2606665790081024
  },
  "runtime_s": 191
}