{
  "config": {
    "geometry": "euclidean",
    "supervision": "ancestor",
    "dim": 16,
    "encoder": "bert-base-uncased",
    "taxonomy": "results/taxonomy/wordnet_parent.json",
    "epochs": 25,
    "batch_size": 32,
    "lr_encoder": 2e-05,
    "lr_head": 0.001,
    "pos_weight": 10.0,
    "seed": 3,
    "noise_rate": 0.0,
    "noise_mode": "sibling",
    "train_file": "/vol/tmp/goldejon/sparse_ner/data/ufet_crowd_train.jsonl",
    "dev_file": "/vol/tmp/goldejon/sparse_ner/data/ufet_crowd_validation.jsonl",
    "test_file": "/vol/tmp/goldejon/sparse_ner/data/ufet_crowd_test.jsonl",
    "max_len": 128,
    "train_max_records": null,
    "out": "results/p1_anc_v2/euc-anc-d16-s3.json"
  },
  "noise_stats": {
    "corrupted": 0,
    "total_pos": 0
  },
  "selection": {
    "epoch": 24,
    "dev_macro_f1": 0.21997620165348053,
    "dev_map": 0.25615359227886,
    "threshold": 0.3731565475463867
  },
  "test": {
    "strict": 0.0005005005005005005,
    "macro_p": 0.2631320655345917,
    "macro_r": 0.2265063226222992,
    "macro_f1": 0.21730898320674896,
    "micro_p": 0.24776427447795868,
    "micro_r": 0.2013416588306427,
    "micro_f1": 0.2221536934375763
  },
  "test_map": 0.26059763338870595,
  "test_tail": {
    "head_f1": 0.3843984007835388,
    "head_support": 2812,
    "mid_f1": 0.058368828147649765,
    "mid_support": 5086,
    "tail_f1": 0.0,
    "tail_support": 2835
  },
  "test_hier": {
    "h_precision": 0.346136212348938,
    "h_recall": 0.21070630848407745,
    "h_f1": 0.26195228099823
  },
  "runtime_s": 190
}