{
  "config": {
    "geometry": "euclidean",
    "supervision": "ancestor",
    "dim": 64,
    "encoder": "bert-base-uncased",
    "taxonomy": "results/taxonomy/wordnet_parent.json",
    "epochs": 25,
    "batch_size": 32,
    "lr_encoder": 2e-05,
    "lr_head": 0.001,
    "pos_weight": 10.0,
    "seed": 2,
    "noise_rate": 0.0,
    "noise_mode": "sibling",
    "train_file": "/vol/tmp/goldejon/sparse_ner/data/ufet_crowd_train.jsonl",
    "dev_file": "/vol/tmp/goldejon/sparse_ner/data/ufet_crowd_validation.jsonl",
    "test_file": "/vol/tmp/goldejon/sparse_ner/data/ufet_crowd_test.jsonl",
    "max_len": 128,
    "train_max_records": null,
    "out": "results/p1_anc_v2/euc-anc-d64-s2.json"
  },
  "noise_stats": {
    "corrupted": 0,
    "total_pos": 0
  },
  "selection": {
    "epoch": 24,
    "dev_macro_f1": 0.21661046147346497,
    "dev_map": 0.25562306894339676,
    "threshold": 0.3488871455192566
  },
  "test": {
    "strict": 0.0005005005005005005,
    "macro_p": 0.25435879826545715,
    "macro_r": 0.23268292844295502,
    "macro_f1": 0.21801626682281494,
    "micro_p": 0.23516321182250977,
    "micro_r": 0.20674555003643036,
    "micro_f1": 0.22004064917564392
  },
  "test_map": 0.2597207168798677,
  "test_tail": {
    "head_f1": 0.3777777850627899,
    "head_support": 2812,
    "mid_f1": 0.06344950944185257,
    "mid_support": 5086,
    "tail_f1": 0.0,
    "tail_support": 2835
  },
  "test_hier": {
    "h_precision": 0.33223822712898254,
    "h_recall": 0.218802347779274,
    "h_f1": 0.26384446024894714
  },
  "runtime_s": 193
}