{
  "config": {
    "geometry": "hyperbolic",
    "supervision": "ancestor",
    "dim": 64,
    "encoder": "bert-base-uncased",
    "taxonomy": "results/taxonomy/wordnet_parent.json",
    "epochs": 25,
    "batch_size": 32,
    "lr_encoder": 2e-05,
    "lr_head": 0.001,
    "pos_weight": 10.0,
    "seed": 2,
    "noise_rate": 0.0,
    "noise_mode": "sibling",
    "train_file": "/vol/tmp/goldejon/sparse_ner/data/ufet_crowd_train.jsonl",
    "dev_file": "/vol/tmp/goldejon/sparse_ner/data/ufet_crowd_validation.jsonl",
    "test_file": "/vol/tmp/goldejon/sparse_ner/data/ufet_crowd_test.jsonl",
    "max_len": 128,
    "train_max_records": null,
    "out": "results/p1_anc_v2/hyp-anc-d64-s2.json"
  },
  "noise_stats": {
    "corrupted": 0,
    "total_pos": 0
  },
  "selection": {
    "epoch": 24,
    "dev_macro_f1": 0.25004708766937256,
    "dev_map": 0.29891808339699916,
    "threshold": -0.6346673965454102
  },
  "test": {
    "strict": 0.0005005005005005005,
    "macro_p": 0.20877666771411896,
    "macro_r": 0.42735934257507324,
    "macro_f1": 0.2491218000650406,
    "micro_p": 0.2042386680841446,
    "micro_r": 0.43277740478515625,
    "micro_f1": 0.27751225233078003
  },
  "test_map": 0.30209085488345183,
  "test_tail": {
    "head_f1": 0.5221281051635742,
    "head_support": 2812,
    "mid_f1": 0.22500234842300415,
    "mid_support": 5086,
    "tail_f1": 0.014293567277491093,
    "tail_support": 2835
  },
  "test_hier": {
    "h_precision": 0.258298397064209,
    "h_recall": 0.4301367998123169,
    "h_f1": 0.3227715492248535
  },
  "runtime_s": 190
}