{
  "config": {
    "geometry": "hyperbolic",
    "supervision": "ancestor",
    "dim": 16,
    "encoder": "bert-base-uncased",
    "taxonomy": "results/taxonomy/wordnet_parent.json",
    "epochs": 25,
    "batch_size": 32,
    "lr_encoder": 2e-05,
    "lr_head": 0.001,
    "pos_weight": 10.0,
    "seed": 1,
    "noise_rate": 0.0,
    "noise_mode": "sibling",
    "train_file": "/vol/tmp/goldejon/sparse_ner/data/ufet_crowd_train.jsonl",
    "dev_file": "/vol/tmp/goldejon/sparse_ner/data/ufet_crowd_validation.jsonl",
    "test_file": "/vol/tmp/goldejon/sparse_ner/data/ufet_crowd_test.jsonl",
    "max_len": 128,
    "train_max_records": null,
    "out": "results/p1_anc_v2/hyp-anc-d16-s1.json"
  },
  "noise_stats": {
    "corrupted": 0,
    "total_pos": 0
  },
  "selection": {
    "epoch": 22,
    "dev_macro_f1": 0.24027015268802643,
    "dev_map": 0.2912162249613822,
    "threshold": -0.6121250987052917
  },
  "test": {
    "strict": 0.0,
    "macro_p": 0.1963285654783249,
    "macro_r": 0.4156040847301483,
    "macro_f1": 0.2356097549200058,
    "micro_p": 0.20413587987422943,
    "micro_r": 0.4221559762954712,
    "micro_f1": 0.27519816160202026
  },
  "test_map": 0.29240625520881613,
  "test_tail": {
    "head_f1": 0.513523280620575,
    "head_support": 2812,
    "mid_f1": 0.2245052456855774,
    "mid_support": 5086,
    "tail_f1": 0.013761467300355434,
    "tail_support": 2835
  },
  "test_hier": {
    "h_precision": 0.2566639184951782,
    "h_recall": 0.41464266180992126,
    "h_f1": 0.31706467270851135
  },
  "runtime_s": 194
}