{
  "config": {
    "geometry": "hyperbolic",
    "supervision": "ancestor",
    "dim": 16,
    "encoder": "bert-base-uncased",
    "taxonomy": "results/taxonomy/wordnet_parent.json",
    "epochs": 25,
    "batch_size": 32,
    "lr_encoder": 2e-05,
    "lr_head": 0.001,
    "pos_weight": 10.0,
    "seed": 3,
    "noise_rate": 0.0,
    "noise_mode": "sibling",
    "train_file": "/vol/tmp/goldejon/sparse_ner/data/ufet_crowd_train.jsonl",
    "dev_file": "/vol/tmp/goldejon/sparse_ner/data/ufet_crowd_validation.jsonl",
    "test_file": "/vol/tmp/goldejon/sparse_ner/data/ufet_crowd_test.jsonl",
    "max_len": 128,
    "train_max_records": null,
    "out": "results/p1_anc_v2/hyp-anc-d16-s3.json"
  },
  "noise_stats": {
    "corrupted": 0,
    "total_pos": 0
  },
  "selection": {
    "epoch": 23,
    "dev_macro_f1": 0.24380487203598022,
    "dev_map": 0.29263700522708497,
    "threshold": -0.5698105096817017
  },
  "test": {
    "strict": 0.001001001001001001,
    "macro_p": 0.21073497831821442,
    "macro_r": 0.39144790172576904,
    "macro_f1": 0.23995396494865417,
    "micro_p": 0.2213207334280014,
    "micro_r": 0.4015652537345886,
    "micro_f1": 0.2853643298149109
  },
  "test_map": 0.29286600754574355,
  "test_tail": {
    "head_f1": 0.5186716318130493,
    "head_support": 2812,
    "mid_f1": 0.2379084974527359,
    "mid_support": 5086,
    "tail_f1": 0.016751421615481377,
    "tail_support": 2835
  },
  "test_hier": {
    "h_precision": 0.277804970741272,
    "h_recall": 0.39607760310173035,
    "h_f1": 0.3265623152256012
  },
  "runtime_s": 195
}