{
  "config": {
    "geometry": "hyperbolic",
    "supervision": "ancestor",
    "dim": 16,
    "encoder": "bert-base-uncased",
    "taxonomy": "results/taxonomy/wordnet_parent.json",
    "epochs": 25,
    "batch_size": 32,
    "lr_encoder": 2e-05,
    "lr_head": 0.001,
    "pos_weight": 10.0,
    "seed": 42,
    "noise_rate": 0.0,
    "noise_mode": "sibling",
    "train_file": "/vol/tmp/goldejon/sparse_ner/data/ufet_crowd_train.jsonl",
    "dev_file": "/vol/tmp/goldejon/sparse_ner/data/ufet_crowd_validation.jsonl",
    "test_file": "/vol/tmp/goldejon/sparse_ner/data/ufet_crowd_test.jsonl",
    "max_len": 128,
    "train_max_records": null,
    "out": "results/p1_anc_v2/hyp-anc-d16-s42.json"
  },
  "noise_stats": {
    "corrupted": 0,
    "total_pos": 0
  },
  "selection": {
    "epoch": 24,
    "dev_macro_f1": 0.2387627363204956,
    "dev_map": 0.2946489551721021,
    "threshold": -0.568915069103241
  },
  "test": {
    "strict": 0.0,
    "macro_p": 0.20497916638851166,
    "macro_r": 0.40526196360588074,
    "macro_f1": 0.23689517378807068,
    "micro_p": 0.21148701012134552,
    "micro_r": 0.41237306594848633,
    "micro_f1": 0.27958691120147705
  },
  "test_map": 0.2952874845053638,
  "test_tail": {
    "head_f1": 0.5142646431922913,
    "head_support": 2812,
    "mid_f1": 0.22998501360416412,
    "mid_support": 5086,
    "tail_f1": 0.019323671236634254,
    "tail_support": 2835
  },
  "test_hier": {
    "h_precision": 0.2646034061908722,
    "h_recall": 0.4027777910232544,
    "h_f1": 0.3193868100643158
  },
  "runtime_s": 192
}