{
  "config": {
    "geometry": "hyperbolic",
    "supervision": "ancestor",
    "dim": 64,
    "encoder": "bert-base-uncased",
    "taxonomy": "results/taxonomy/wordnet_parent.json",
    "epochs": 25,
    "batch_size": 32,
    "lr_encoder": 2e-05,
    "lr_head": 0.001,
    "pos_weight": 10.0,
    "seed": 1,
    "noise_rate": 0.0,
    "noise_mode": "sibling",
    "train_file": "/vol/tmp/goldejon/sparse_ner/data/ufet_crowd_train.jsonl",
    "dev_file": "/vol/tmp/goldejon/sparse_ner/data/ufet_crowd_validation.jsonl",
    "test_file": "/vol/tmp/goldejon/sparse_ner/data/ufet_crowd_test.jsonl",
    "max_len": 128,
    "train_max_records": null,
    "out": "results/p1_anc_v2/hyp-anc-d64-s1.json"
  },
  "noise_stats": {
    "corrupted": 0,
    "total_pos": 0
  },
  "selection": {
    "epoch": 24,
    "dev_macro_f1": 0.2505299746990204,
    "dev_map": 0.300698523250967,
    "threshold": -0.5646576881408691
  },
  "test": {
    "strict": 0.0,
    "macro_p": 0.21547479927539825,
    "macro_r": 0.4166434407234192,
    "macro_f1": 0.24955052137374878,
    "micro_p": 0.2156684696674347,
    "micro_r": 0.4203857183456421,
    "micro_f1": 0.28508248925209045
  },
  "test_map": 0.29737853914316664,
  "test_tail": {
    "head_f1": 0.5167268514633179,
    "head_support": 2812,
    "mid_f1": 0.23559603095054626,
    "mid_support": 5086,
    "tail_f1": 0.013828868046402931,
    "tail_support": 2835
  },
  "test_hier": {
    "h_precision": 0.2713751196861267,
    "h_recall": 0.41513121128082275,
    "h_f1": 0.3282017111778259
  },
  "runtime_s": 192
}