{
  "config": {
    "geometry": "hyperbolic",
    "supervision": "ancestor",
    "dim": 128,
    "encoder": "bert-base-uncased",
    "taxonomy": "results/taxonomy/wordnet_parent.json",
    "epochs": 25,
    "batch_size": 32,
    "lr_encoder": 2e-05,
    "lr_head": 0.001,
    "pos_weight": 10.0,
    "seed": 2,
    "noise_rate": 0.0,
    "noise_mode": "sibling",
    "train_file": "/vol/tmp/goldejon/sparse_ner/data/ufet_crowd_train.jsonl",
    "dev_file": "/vol/tmp/goldejon/sparse_ner/data/ufet_crowd_validation.jsonl",
    "test_file": "/vol/tmp/goldejon/sparse_ner/data/ufet_crowd_test.jsonl",
    "max_len": 128,
    "train_max_records": null,
    "out": "results/p1_anc_v2/hyp-anc-d128-s2.json"
  },
  "noise_stats": {
    "corrupted": 0,
    "total_pos": 0
  },
  "selection": {
    "epoch": 22,
    "dev_macro_f1": 0.23678378760814667,
    "dev_map": 0.2818517477670166,
    "threshold": -0.6160030961036682
  },
  "test": {
    "strict": 0.0,
    "macro_p": 0.2025221586227417,
    "macro_r": 0.4062894880771637,
    "macro_f1": 0.23558491468429565,
    "micro_p": 0.19444075226783752,
    "micro_r": 0.40864622592926025,
    "micro_f1": 0.2635025680065155
  },
  "test_map": 0.2834483491795818,
  "test_tail": {
    "head_f1": 0.5065280795097351,
    "head_support": 2812,
    "mid_f1": 0.20681795477867126,
    "mid_support": 5086,
    "tail_f1": 0.008956058882176876,
    "tail_support": 2835
  },
  "test_hier": {
    "h_precision": 0.2484833002090454,
    "h_recall": 0.4087800085544586,
    "h_f1": 0.3090846836566925
  },
  "runtime_s": 192
}